--
-- PostgreSQL database dump
--

-- Dumped from database version 16.3 (Debian 16.3-1.pgdg120+1)
-- Dumped by pg_dump version 16.3 (Debian 16.3-1.pgdg120+1)

SET statement_timeout = 0;
SET lock_timeout = 0;
SET idle_in_transaction_session_timeout = 0;
SET client_encoding = 'UTF8';
SET standard_conforming_strings = on;
SELECT pg_catalog.set_config('search_path', '', false);
SET check_function_bodies = false;
SET xmloption = content;
SET client_min_messages = warning;
SET row_security = off;

SET default_tablespace = '';

SET default_table_access_method = heap;

--
-- Name: auth_group; Type: TABLE; Schema: public; Owner: ww_financial_control_user
--

CREATE TABLE public.auth_group (
	id integer NOT NULL,
	name character varying(150) NOT NULL
);


ALTER TABLE public.auth_group OWNER TO ww_financial_control_user;

--
-- Name: auth_group_id_seq; Type: SEQUENCE; Schema: public; Owner: ww_financial_control_user
--

ALTER TABLE public.auth_group ALTER COLUMN id ADD GENERATED BY DEFAULT AS IDENTITY (
	SEQUENCE NAME public.auth_group_id_seq
	START WITH 1
	INCREMENT BY 1
	NO MINVALUE
	NO MAXVALUE
	CACHE 1
);


--
-- Name: auth_group_permissions; Type: TABLE; Schema: public; Owner: ww_financial_control_user
--

CREATE TABLE public.auth_group_permissions (
	id bigint NOT NULL,
	group_id integer NOT NULL,
	permission_id integer NOT NULL
);


ALTER TABLE public.auth_group_permissions OWNER TO ww_financial_control_user;

--
-- Name: auth_group_permissions_id_seq; Type: SEQUENCE; Schema: public; Owner: ww_financial_control_user
--

ALTER TABLE public.auth_group_permissions ALTER COLUMN id ADD GENERATED BY DEFAULT AS IDENTITY (
	SEQUENCE NAME public.auth_group_permissions_id_seq
	START WITH 1
	INCREMENT BY 1
	NO MINVALUE
	NO MAXVALUE
	CACHE 1
);


--
-- Name: auth_permission; Type: TABLE; Schema: public; Owner: ww_financial_control_user
--

CREATE TABLE public.auth_permission (
	id integer NOT NULL,
	name character varying(255) NOT NULL,
	content_type_id integer NOT NULL,
	codename character varying(100) NOT NULL
);


ALTER TABLE public.auth_permission OWNER TO ww_financial_control_user;

--
-- Name: auth_permission_id_seq; Type: SEQUENCE; Schema: public; Owner: ww_financial_control_user
--

ALTER TABLE public.auth_permission ALTER COLUMN id ADD GENERATED BY DEFAULT AS IDENTITY (
	SEQUENCE NAME public.auth_permission_id_seq
	START WITH 1
	INCREMENT BY 1
	NO MINVALUE
	NO MAXVALUE
	CACHE 1
);


--
-- Name: authtoken_token; Type: TABLE; Schema: public; Owner: ww_financial_control_user
--

CREATE TABLE public.authtoken_token (
	key character varying(40) NOT NULL,
	created timestamp with time zone NOT NULL,
	user_id bigint NOT NULL
);


ALTER TABLE public.authtoken_token OWNER TO ww_financial_control_user;

--
-- Name: django_admin_log; Type: TABLE; Schema: public; Owner: ww_financial_control_user
--

CREATE TABLE public.django_admin_log (
	id integer NOT NULL,
	action_time timestamp with time zone NOT NULL,
	object_id text,
	object_repr character varying(200) NOT NULL,
	action_flag smallint NOT NULL,
	change_message text NOT NULL,
	content_type_id integer,
	user_id bigint NOT NULL,
	CONSTRAINT django_admin_log_action_flag_check CHECK ((action_flag >= 0))
);


ALTER TABLE public.django_admin_log OWNER TO ww_financial_control_user;

--
-- Name: django_admin_log_id_seq; Type: SEQUENCE; Schema: public; Owner: ww_financial_control_user
--

ALTER TABLE public.django_admin_log ALTER COLUMN id ADD GENERATED BY DEFAULT AS IDENTITY (
	SEQUENCE NAME public.django_admin_log_id_seq
	START WITH 1
	INCREMENT BY 1
	NO MINVALUE
	NO MAXVALUE
	CACHE 1
);


--
-- Name: django_content_type; Type: TABLE; Schema: public; Owner: ww_financial_control_user
--

CREATE TABLE public.django_content_type (
	id integer NOT NULL,
	app_label character varying(100) NOT NULL,
	model character varying(100) NOT NULL
);


ALTER TABLE public.django_content_type OWNER TO ww_financial_control_user;

--
-- Name: django_content_type_id_seq; Type: SEQUENCE; Schema: public; Owner: ww_financial_control_user
--

ALTER TABLE public.django_content_type ALTER COLUMN id ADD GENERATED BY DEFAULT AS IDENTITY (
	SEQUENCE NAME public.django_content_type_id_seq
	START WITH 1
	INCREMENT BY 1
	NO MINVALUE
	NO MAXVALUE
	CACHE 1
);


--
-- Name: django_migrations; Type: TABLE; Schema: public; Owner: ww_financial_control_user
--

CREATE TABLE public.django_migrations (
	id bigint NOT NULL,
	app character varying(255) NOT NULL,
	name character varying(255) NOT NULL,
	applied timestamp with time zone NOT NULL
);


ALTER TABLE public.django_migrations OWNER TO ww_financial_control_user;

--
-- Name: django_migrations_id_seq; Type: SEQUENCE; Schema: public; Owner: ww_financial_control_user
--

ALTER TABLE public.django_migrations ALTER COLUMN id ADD GENERATED BY DEFAULT AS IDENTITY (
	SEQUENCE NAME public.django_migrations_id_seq
	START WITH 1
	INCREMENT BY 1
	NO MINVALUE
	NO MAXVALUE
	CACHE 1
);


--
-- Name: django_session; Type: TABLE; Schema: public; Owner: ww_financial_control_user
--

CREATE TABLE public.django_session (
	session_key character varying(40) NOT NULL,
	session_data text NOT NULL,
	expire_date timestamp with time zone NOT NULL
);


ALTER TABLE public.django_session OWNER TO ww_financial_control_user;

--
-- Name: users_user; Type: TABLE; Schema: public; Owner: ww_financial_control_user
--

CREATE TABLE public.users_user (
	id bigint NOT NULL,
	password character varying(128) NOT NULL,
	last_login timestamp with time zone,
	is_superuser boolean NOT NULL,
	username character varying(150) NOT NULL,
	first_name character varying(150) NOT NULL,
	last_name character varying(150) NOT NULL,
	email character varying(254) NOT NULL,
	is_staff boolean NOT NULL,
	is_active boolean NOT NULL,
	date_joined timestamp with time zone NOT NULL
);


ALTER TABLE public.users_user OWNER TO ww_financial_control_user;

--
-- Name: users_user_groups; Type: TABLE; Schema: public; Owner: ww_financial_control_user
--

CREATE TABLE public.users_user_groups (
	id bigint NOT NULL,
	user_id bigint NOT NULL,
	group_id integer NOT NULL
);


ALTER TABLE public.users_user_groups OWNER TO ww_financial_control_user;

--
-- Name: users_user_groups_id_seq; Type: SEQUENCE; Schema: public; Owner: ww_financial_control_user
--

ALTER TABLE public.users_user_groups ALTER COLUMN id ADD GENERATED BY DEFAULT AS IDENTITY (
	SEQUENCE NAME public.users_user_groups_id_seq
	START WITH 1
	INCREMENT BY 1
	NO MINVALUE
	NO MAXVALUE
	CACHE 1
);


--
-- Name: users_user_id_seq; Type: SEQUENCE; Schema: public; Owner: ww_financial_control_user
--

ALTER TABLE public.users_user ALTER COLUMN id ADD GENERATED BY DEFAULT AS IDENTITY (
	SEQUENCE NAME public.users_user_id_seq
	START WITH 1
	INCREMENT BY 1
	NO MINVALUE
	NO MAXVALUE
	CACHE 1
);


--
-- Name: users_user_user_permissions; Type: TABLE; Schema: public; Owner: ww_financial_control_user
--

CREATE TABLE public.users_user_user_permissions (
	id bigint NOT NULL,
	user_id bigint NOT NULL,
	permission_id integer NOT NULL
);


ALTER TABLE public.users_user_user_permissions OWNER TO ww_financial_control_user;

--
-- Name: users_user_user_permissions_id_seq; Type: SEQUENCE; Schema: public; Owner: ww_financial_control_user
--

ALTER TABLE public.users_user_user_permissions ALTER COLUMN id ADD GENERATED BY DEFAULT AS IDENTITY (
	SEQUENCE NAME public.users_user_user_permissions_id_seq
	START WITH 1
	INCREMENT BY 1
	NO MINVALUE
	NO MAXVALUE
	CACHE 1
);


--
-- Data for Name: auth_group; Type: TABLE DATA; Schema: public; Owner: ww_financial_control_user
--

COPY public.auth_group (id, name) FROM stdin;
\.


--
-- Data for Name: auth_group_permissions; Type: TABLE DATA; Schema: public; Owner: ww_financial_control_user
--

COPY public.auth_group_permissions (id, group_id, permission_id) FROM stdin;
\.


--
-- Data for Name: auth_permission; Type: TABLE DATA; Schema: public; Owner: ww_financial_control_user
--

COPY public.auth_permission (id, name, content_type_id, codename) FROM stdin;
1	Can add log entry	1	add_logentry
2	Can change log entry	1	change_logentry
3	Can delete log entry	1	delete_logentry
4	Can view log entry	1	view_logentry
5	Can add permission	2	add_permission
6	Can change permission	2	change_permission
7	Can delete permission	2	delete_permission
8	Can view permission	2	view_permission
9	Can add group	3	add_group
10	Can change group	3	change_group
11	Can delete group	3	delete_group
12	Can view group	3	view_group
13	Can add content type	4	add_contenttype
14	Can change content type	4	change_contenttype
15	Can delete content type	4	delete_contenttype
16	Can view content type	4	view_contenttype
17	Can add session	5	add_session
18	Can change session	5	change_session
19	Can delete session	5	delete_session
20	Can view session	5	view_session
21	Can add Token	6	add_token
22	Can change Token	6	change_token
23	Can delete Token	6	delete_token
24	Can view Token	6	view_token
25	Can add token	7	add_tokenproxy
26	Can change token	7	change_tokenproxy
27	Can delete token	7	delete_tokenproxy
28	Can view token	7	view_tokenproxy
29	Can add user	8	add_user
30	Can change user	8	change_user
31	Can delete user	8	delete_user
32	Can view user	8	view_user
\.


--
-- Data for Name: authtoken_token; Type: TABLE DATA; Schema: public; Owner: ww_financial_control_user
--

COPY public.authtoken_token (key, created, user_id) FROM stdin;
\.


--
-- Data for Name: django_admin_log; Type: TABLE DATA; Schema: public; Owner: ww_financial_control_user
--

COPY public.django_admin_log (id, action_time, object_id, object_repr, action_flag, change_message, content_type_id, user_id) FROM stdin;
\.


--
-- Data for Name: django_content_type; Type: TABLE DATA; Schema: public; Owner: ww_financial_control_user
--

COPY public.django_content_type (id, app_label, model) FROM stdin;
1	admin	logentry
2	auth	permission
3	auth	group
4	contenttypes	contenttype
5	sessions	session
6	authtoken	token
7	authtoken	tokenproxy
8	users	user
\.


--
-- Data for Name: django_migrations; Type: TABLE DATA; Schema: public; Owner: ww_financial_control_user
--

COPY public.django_migrations (id, app, name, applied) FROM stdin;
1	contenttypes	0001_initial	2024-05-29 19:27:04.78043+00
2	contenttypes	0002_remove_content_type_name	2024-05-29 19:27:04.787614+00
3	auth	0001_initial	2024-05-29 19:27:04.833969+00
4	auth	0002_alter_permission_name_max_length	2024-05-29 19:27:04.839062+00
5	auth	0003_alter_user_email_max_length	2024-05-29 19:27:04.844023+00
6	auth	0004_alter_user_username_opts	2024-05-29 19:27:04.850129+00
7	auth	0005_alter_user_last_login_null	2024-05-29 19:27:04.855929+00
8	auth	0006_require_contenttypes_0002	2024-05-29 19:27:04.857697+00
9	auth	0007_alter_validators_add_error_messages	2024-05-29 19:27:04.864754+00
10	auth	0008_alter_user_username_max_length	2024-05-29 19:27:04.872501+00
11	auth	0009_alter_user_last_name_max_length	2024-05-29 19:27:04.878336+00
12	auth	0010_alter_group_name_max_length	2024-05-29 19:27:04.887315+00
13	auth	0011_update_proxy_permissions	2024-05-29 19:27:04.893299+00
14	auth	0012_alter_user_first_name_max_length	2024-05-29 19:27:04.899121+00
15	users	0001_initial	2024-05-29 19:27:04.947133+00
16	admin	0001_initial	2024-05-29 19:27:04.970935+00
17	admin	0002_logentry_remove_auto_add	2024-05-29 19:27:04.978498+00
18	admin	0003_logentry_add_action_flag_choices	2024-05-29 19:27:04.986682+00
19	authtoken	0001_initial	2024-05-29 19:27:05.006747+00
20	authtoken	0002_auto_20160226_1747	2024-05-29 19:27:05.036403+00
21	authtoken	0003_tokenproxy	2024-05-29 19:27:05.040691+00
22	sessions	0001_initial	2024-05-29 19:27:05.058108+00
\.


--
-- Data for Name: django_session; Type: TABLE DATA; Schema: public; Owner: ww_financial_control_user
--

COPY public.django_session (session_key, session_data, expire_date) FROM stdin;
\.


--
-- Data for Name: users_user; Type: TABLE DATA; Schema: public; Owner: ww_financial_control_user
--

COPY public.users_user (id, password, last_login, is_superuser, username, first_name, last_name, email, is_staff, is_active, date_joined) FROM stdin;
1	pbkdf2_sha256$720000$pKsIc4IBBiGd62Zza7356g$ijyLICqfiNVyoyNGeqYIMCbLh/7aSkFzKVlx9oNYOB8=	\N	t	ww_financial_control_admin			irwyng2@gmail.com	t	t	2024-05-29 19:32:14.583565+00
\.


--
-- Data for Name: users_user_groups; Type: TABLE DATA; Schema: public; Owner: ww_financial_control_user
--

COPY public.users_user_groups (id, user_id, group_id) FROM stdin;
\.


--
-- Data for Name: users_user_user_permissions; Type: TABLE DATA; Schema: public; Owner: ww_financial_control_user
--

COPY public.users_user_user_permissions (id, user_id, permission_id) FROM stdin;
\.


--
-- Name: auth_group_id_seq; Type: SEQUENCE SET; Schema: public; Owner: ww_financial_control_user
--

SELECT pg_catalog.setval('public.auth_group_id_seq', 1, false);


--
-- Name: auth_group_permissions_id_seq; Type: SEQUENCE SET; Schema: public; Owner: ww_financial_control_user
--

SELECT pg_catalog.setval('public.auth_group_permissions_id_seq', 1, false);


--
-- Name: auth_permission_id_seq; Type: SEQUENCE SET; Schema: public; Owner: ww_financial_control_user
--

SELECT pg_catalog.setval('public.auth_permission_id_seq', 32, true);


--
-- Name: django_admin_log_id_seq; Type: SEQUENCE SET; Schema: public; Owner: ww_financial_control_user
--

SELECT pg_catalog.setval('public.django_admin_log_id_seq', 1, false);


--
-- Name: django_content_type_id_seq; Type: SEQUENCE SET; Schema: public; Owner: ww_financial_control_user
--

SELECT pg_catalog.setval('public.django_content_type_id_seq', 8, true);


--
-- Name: django_migrations_id_seq; Type: SEQUENCE SET; Schema: public; Owner: ww_financial_control_user
--

SELECT pg_catalog.setval('public.django_migrations_id_seq', 22, true);


--
-- Name: users_user_groups_id_seq; Type: SEQUENCE SET; Schema: public; Owner: ww_financial_control_user
--

SELECT pg_catalog.setval('public.users_user_groups_id_seq', 1, false);


--
-- Name: users_user_id_seq; Type: SEQUENCE SET; Schema: public; Owner: ww_financial_control_user
--

SELECT pg_catalog.setval('public.users_user_id_seq', 1, true);


--
-- Name: users_user_user_permissions_id_seq; Type: SEQUENCE SET; Schema: public; Owner: ww_financial_control_user
--

SELECT pg_catalog.setval('public.users_user_user_permissions_id_seq', 1, false);


--
-- Name: auth_group auth_group_name_key; Type: CONSTRAINT; Schema: public; Owner: ww_financial_control_user
--

ALTER TABLE ONLY public.auth_group
	ADD CONSTRAINT auth_group_name_key UNIQUE (name);


--
-- Name: auth_group_permissions auth_group_permissions_group_id_permission_id_0cd325b0_uniq; Type: CONSTRAINT; Schema: public; Owner: ww_financial_control_user
--

ALTER TABLE ONLY public.auth_group_permissions
	ADD CONSTRAINT auth_group_permissions_group_id_permission_id_0cd325b0_uniq UNIQUE (group_id, permission_id);


--
-- Name: auth_group_permissions auth_group_permissions_pkey; Type: CONSTRAINT; Schema: public; Owner: ww_financial_control_user
--

ALTER TABLE ONLY public.auth_group_permissions
	ADD CONSTRAINT auth_group_permissions_pkey PRIMARY KEY (id);


--
-- Name: auth_group auth_group_pkey; Type: CONSTRAINT; Schema: public; Owner: ww_financial_control_user
--

ALTER TABLE ONLY public.auth_group
	ADD CONSTRAINT auth_group_pkey PRIMARY KEY (id);


--
-- Name: auth_permission auth_permission_content_type_id_codename_01ab375a_uniq; Type: CONSTRAINT; Schema: public; Owner: ww_financial_control_user
--

ALTER TABLE ONLY public.auth_permission
	ADD CONSTRAINT auth_permission_content_type_id_codename_01ab375a_uniq UNIQUE (content_type_id, codename);


--
-- Name: auth_permission auth_permission_pkey; Type: CONSTRAINT; Schema: public; Owner: ww_financial_control_user
--

ALTER TABLE ONLY public.auth_permission
	ADD CONSTRAINT auth_permission_pkey PRIMARY KEY (id);


--
-- Name: authtoken_token authtoken_token_pkey; Type: CONSTRAINT; Schema: public; Owner: ww_financial_control_user
--

ALTER TABLE ONLY public.authtoken_token
	ADD CONSTRAINT authtoken_token_pkey PRIMARY KEY (key);


--
-- Name: authtoken_token authtoken_token_user_id_key; Type: CONSTRAINT; Schema: public; Owner: ww_financial_control_user
--

ALTER TABLE ONLY public.authtoken_token
	ADD CONSTRAINT authtoken_token_user_id_key UNIQUE (user_id);


--
-- Name: django_admin_log django_admin_log_pkey; Type: CONSTRAINT; Schema: public; Owner: ww_financial_control_user
--

ALTER TABLE ONLY public.django_admin_log
	ADD CONSTRAINT django_admin_log_pkey PRIMARY KEY (id);


--
-- Name: django_content_type django_content_type_app_label_model_76bd3d3b_uniq; Type: CONSTRAINT; Schema: public; Owner: ww_financial_control_user
--

ALTER TABLE ONLY public.django_content_type
	ADD CONSTRAINT django_content_type_app_label_model_76bd3d3b_uniq UNIQUE (app_label, model);


--
-- Name: django_content_type django_content_type_pkey; Type: CONSTRAINT; Schema: public; Owner: ww_financial_control_user
--

ALTER TABLE ONLY public.django_content_type
	ADD CONSTRAINT django_content_type_pkey PRIMARY KEY (id);


--
-- Name: django_migrations django_migrations_pkey; Type: CONSTRAINT; Schema: public; Owner: ww_financial_control_user
--

ALTER TABLE ONLY public.django_migrations
	ADD CONSTRAINT django_migrations_pkey PRIMARY KEY (id);


--
-- Name: django_session django_session_pkey; Type: CONSTRAINT; Schema: public; Owner: ww_financial_control_user
--

ALTER TABLE ONLY public.django_session
	ADD CONSTRAINT django_session_pkey PRIMARY KEY (session_key);


--
-- Name: users_user_groups users_user_groups_pkey; Type: CONSTRAINT; Schema: public; Owner: ww_financial_control_user
--

ALTER TABLE ONLY public.users_user_groups
	ADD CONSTRAINT users_user_groups_pkey PRIMARY KEY (id);


--
-- Name: users_user_groups users_user_groups_user_id_group_id_b88eab82_uniq; Type: CONSTRAINT; Schema: public; Owner: ww_financial_control_user
--

ALTER TABLE ONLY public.users_user_groups
	ADD CONSTRAINT users_user_groups_user_id_group_id_b88eab82_uniq UNIQUE (user_id, group_id);


--
-- Name: users_user users_user_pkey; Type: CONSTRAINT; Schema: public; Owner: ww_financial_control_user
--

ALTER TABLE ONLY public.users_user
	ADD CONSTRAINT users_user_pkey PRIMARY KEY (id);


--
-- Name: users_user_user_permissions users_user_user_permissions_pkey; Type: CONSTRAINT; Schema: public; Owner: ww_financial_control_user
--

ALTER TABLE ONLY public.users_user_user_permissions
	ADD CONSTRAINT users_user_user_permissions_pkey PRIMARY KEY (id);


--
-- Name: users_user_user_permissions users_user_user_permissions_user_id_permission_id_43338c45_uniq; Type: CONSTRAINT; Schema: public; Owner: ww_financial_control_user
--

ALTER TABLE ONLY public.users_user_user_permissions
	ADD CONSTRAINT users_user_user_permissions_user_id_permission_id_43338c45_uniq UNIQUE (user_id, permission_id);


--
-- Name: users_user users_user_username_key; Type: CONSTRAINT; Schema: public; Owner: ww_financial_control_user
--

ALTER TABLE ONLY public.users_user
	ADD CONSTRAINT users_user_username_key UNIQUE (username);


--
-- Name: auth_group_name_a6ea08ec_like; Type: INDEX; Schema: public; Owner: ww_financial_control_user
--

CREATE INDEX auth_group_name_a6ea08ec_like ON public.auth_group USING btree (name varchar_pattern_ops);


--
-- Name: auth_group_permissions_group_id_b120cbf9; Type: INDEX; Schema: public; Owner: ww_financial_control_user
--

CREATE INDEX auth_group_permissions_group_id_b120cbf9 ON public.auth_group_permissions USING btree (group_id);


--
-- Name: auth_group_permissions_permission_id_84c5c92e; Type: INDEX; Schema: public; Owner: ww_financial_control_user
--

CREATE INDEX auth_group_permissions_permission_id_84c5c92e ON public.auth_group_permissions USING btree (permission_id);


--
-- Name: auth_permission_content_type_id_2f476e4b; Type: INDEX; Schema: public; Owner: ww_financial_control_user
--

CREATE INDEX auth_permission_content_type_id_2f476e4b ON public.auth_permission USING btree (content_type_id);


--
-- Name: authtoken_token_key_10f0b77e_like; Type: INDEX; Schema: public; Owner: ww_financial_control_user
--

CREATE INDEX authtoken_token_key_10f0b77e_like ON public.authtoken_token USING btree (key varchar_pattern_ops);


--
-- Name: django_admin_log_content_type_id_c4bce8eb; Type: INDEX; Schema: public; Owner: ww_financial_control_user
--

CREATE INDEX django_admin_log_content_type_id_c4bce8eb ON public.django_admin_log USING btree (content_type_id);


--
-- Name: django_admin_log_user_id_c564eba6; Type: INDEX; Schema: public; Owner: ww_financial_control_user
--

CREATE INDEX django_admin_log_user_id_c564eba6 ON public.django_admin_log USING btree (user_id);


--
-- Name: django_session_expire_date_a5c62663; Type: INDEX; Schema: public; Owner: ww_financial_control_user
--

CREATE INDEX django_session_expire_date_a5c62663 ON public.django_session USING btree (expire_date);


--
-- Name: django_session_session_key_c0390e0f_like; Type: INDEX; Schema: public; Owner: ww_financial_control_user
--

CREATE INDEX django_session_session_key_c0390e0f_like ON public.django_session USING btree (session_key varchar_pattern_ops);


--
-- Name: users_user_groups_group_id_9afc8d0e; Type: INDEX; Schema: public; Owner: ww_financial_control_user
--

CREATE INDEX users_user_groups_group_id_9afc8d0e ON public.users_user_groups USING btree (group_id);


--
-- Name: users_user_groups_user_id_5f6f5a90; Type: INDEX; Schema: public; Owner: ww_financial_control_user
--

CREATE INDEX users_user_groups_user_id_5f6f5a90 ON public.users_user_groups USING btree (user_id);


--
-- Name: users_user_user_permissions_permission_id_0b93982e; Type: INDEX; Schema: public; Owner: ww_financial_control_user
--

CREATE INDEX users_user_user_permissions_permission_id_0b93982e ON public.users_user_user_permissions USING btree (permission_id);


--
-- Name: users_user_user_permissions_user_id_20aca447; Type: INDEX; Schema: public; Owner: ww_financial_control_user
--

CREATE INDEX users_user_user_permissions_user_id_20aca447 ON public.users_user_user_permissions USING btree (user_id);


--
-- Name: users_user_username_06e46fe6_like; Type: INDEX; Schema: public; Owner: ww_financial_control_user
--

CREATE INDEX users_user_username_06e46fe6_like ON public.users_user USING btree (username varchar_pattern_ops);


--
-- Name: auth_group_permissions auth_group_permissio_permission_id_84c5c92e_fk_auth_perm; Type: FK CONSTRAINT; Schema: public; Owner: ww_financial_control_user
--

ALTER TABLE ONLY public.auth_group_permissions
	ADD CONSTRAINT auth_group_permissio_permission_id_84c5c92e_fk_auth_perm FOREIGN KEY (permission_id) REFERENCES public.auth_permission(id) DEFERRABLE INITIALLY DEFERRED;


--
-- Name: auth_group_permissions auth_group_permissions_group_id_b120cbf9_fk_auth_group_id; Type: FK CONSTRAINT; Schema: public; Owner: ww_financial_control_user
--

ALTER TABLE ONLY public.auth_group_permissions
	ADD CONSTRAINT auth_group_permissions_group_id_b120cbf9_fk_auth_group_id FOREIGN KEY (group_id) REFERENCES public.auth_group(id) DEFERRABLE INITIALLY DEFERRED;


--
-- Name: auth_permission auth_permission_content_type_id_2f476e4b_fk_django_co; Type: FK CONSTRAINT; Schema: public; Owner: ww_financial_control_user
--

ALTER TABLE ONLY public.auth_permission
	ADD CONSTRAINT auth_permission_content_type_id_2f476e4b_fk_django_co FOREIGN KEY (content_type_id) REFERENCES public.django_content_type(id) DEFERRABLE INITIALLY DEFERRED;


--
-- Name: authtoken_token authtoken_token_user_id_35299eff_fk_users_user_id; Type: FK CONSTRAINT; Schema: public; Owner: ww_financial_control_user
--

ALTER TABLE ONLY public.authtoken_token
	ADD CONSTRAINT authtoken_token_user_id_35299eff_fk_users_user_id FOREIGN KEY (user_id) REFERENCES public.users_user(id) DEFERRABLE INITIALLY DEFERRED;


--
-- Name: django_admin_log django_admin_log_content_type_id_c4bce8eb_fk_django_co; Type: FK CONSTRAINT; Schema: public; Owner: ww_financial_control_user
--

ALTER TABLE ONLY public.django_admin_log
	ADD CONSTRAINT django_admin_log_content_type_id_c4bce8eb_fk_django_co FOREIGN KEY (content_type_id) REFERENCES public.django_content_type(id) DEFERRABLE INITIALLY DEFERRED;


--
-- Name: django_admin_log django_admin_log_user_id_c564eba6_fk_users_user_id; Type: FK CONSTRAINT; Schema: public; Owner: ww_financial_control_user
--

ALTER TABLE ONLY public.django_admin_log
	ADD CONSTRAINT django_admin_log_user_id_c564eba6_fk_users_user_id FOREIGN KEY (user_id) REFERENCES public.users_user(id) DEFERRABLE INITIALLY DEFERRED;


--
-- Name: users_user_groups users_user_groups_group_id_9afc8d0e_fk_auth_group_id; Type: FK CONSTRAINT; Schema: public; Owner: ww_financial_control_user
--

ALTER TABLE ONLY public.users_user_groups
	ADD CONSTRAINT users_user_groups_group_id_9afc8d0e_fk_auth_group_id FOREIGN KEY (group_id) REFERENCES public.auth_group(id) DEFERRABLE INITIALLY DEFERRED;


--
-- Name: users_user_groups users_user_groups_user_id_5f6f5a90_fk_users_user_id; Type: FK CONSTRAINT; Schema: public; Owner: ww_financial_control_user
--

ALTER TABLE ONLY public.users_user_groups
	ADD CONSTRAINT users_user_groups_user_id_5f6f5a90_fk_users_user_id FOREIGN KEY (user_id) REFERENCES public.users_user(id) DEFERRABLE INITIALLY DEFERRED;


--
-- Name: users_user_user_permissions users_user_user_perm_permission_id_0b93982e_fk_auth_perm; Type: FK CONSTRAINT; Schema: public; Owner: ww_financial_control_user
--

ALTER TABLE ONLY public.users_user_user_permissions
	ADD CONSTRAINT users_user_user_perm_permission_id_0b93982e_fk_auth_perm FOREIGN KEY (permission_id) REFERENCES public.auth_permission(id) DEFERRABLE INITIALLY DEFERRED;


--
-- Name: users_user_user_permissions users_user_user_permissions_user_id_20aca447_fk_users_user_id; Type: FK CONSTRAINT; Schema: public; Owner: ww_financial_control_user
--

ALTER TABLE ONLY public.users_user_user_permissions
	ADD CONSTRAINT users_user_user_permissions_user_id_20aca447_fk_users_user_id FOREIGN KEY (user_id) REFERENCES public.users_user(id) DEFERRABLE INITIALLY DEFERRED;


--
-- PostgreSQL database dump complete
--